Campaign,Keyword,Criterion Type
TL - Yetiskin Programlar,ücretsiz,Campaign Negative Broad
TL - Yetiskin Programlar,bedava,Campaign Negative Broad
TL - Yetiskin Programlar,iş,Campaign Negative Broad
TL - Yetiskin Programlar,ilanı,Campaign Negative Broad
TL - Yetiskin Programlar,eleman,Campaign Negative Broad
TL - Yetiskin Programlar,aranıyor,Campaign Negative Broad
TL - Yetiskin Programlar,staj,Campaign Negative Broad
TL - Yetiskin Programlar,indir,Campaign Negative Broad
TL - Yetiskin Programlar,pdf,Campaign Negative Broad
TL - Yetiskin Programlar,izle,Campaign Negative Broad
TL - Yetiskin Programlar,film,Campaign Negative Broad
TL - Yetiskin Programlar,izle,Campaign Negative Broad
TL - Yetiskin Programlar,dizi,Campaign Negative Broad
TL - Yetiskin Programlar,izle,Campaign Negative Broad
TL - Yetiskin Programlar,oyun,Campaign Negative Broad
TL - Yetiskin Programlar,oyna,Campaign Negative Broad
TL - Yetiskin Programlar,oyuncu,Campaign Negative Broad
TL - Yetiskin Programlar,kadrosu,Campaign Negative Broad
TL - Yetiskin Programlar,kimdir,Campaign Negative Broad
TL - Yetiskin Programlar,biyografi,Campaign Negative Broad
TL - Yetiskin Programlar,maaş,Campaign Negative Broad
TL - Yetiskin Programlar,ne,Campaign Negative Broad
TL - Yetiskin Programlar,kadar,Campaign Negative Broad
TL - Yetiskin Programlar,maaş,Campaign Negative Broad
TL - Yetiskin Programlar,üniversite,Campaign Negative Broad
TL - Yetiskin Programlar,bölüm,Campaign Negative Broad
TL - Yetiskin Programlar,taban,Campaign Negative Broad
TL - Yetiskin Programlar,puani,Campaign Negative Broad
TL - Yetiskin Programlar,konservatuvar,Campaign Negative Broad
TL - Yetiskin Programlar,sınavı,Campaign Negative Broad
TL - Yetiskin Programlar,yks,Campaign Negative Broad
TL - Yetiskin Programlar,torrent,Campaign Negative Broad
TL - Yetiskin Programlar,full,Campaign Negative Broad
TL - Yetiskin Programlar,izle,Campaign Negative Broad
TL - Yetiskin Programlar,bilet,Campaign Negative Broad
TL - Yetiskin Programlar,ucuz,Campaign Negative Broad
TL - Yetiskin Programlar,en,Campaign Negative Broad
TL - Yetiskin Programlar,ucuz,Campaign Negative Broad
TL - Yetiskin Programlar,indirimli,Campaign Negative Broad
TL - Yetiskin Programlar,kampanyalı,Campaign Negative Broad
TL - Yetiskin Programlar,burslu,Campaign Negative Broad
TL - Yetiskin Programlar,bursla,Campaign Negative Broad
TL - Yetiskin Programlar,taksitli,Campaign Negative Broad
TL - Yetiskin Programlar,ücretsiz,Campaign Negative Broad
TL - Yetiskin Programlar,deneme,Campaign Negative Broad
TL - Yetiskin Programlar,fiyat,Campaign Negative Broad
TL - Yetiskin Programlar,listesi,Campaign Negative Broad
TL - Yetiskin Programlar,en,Campaign Negative Broad
TL - Yetiskin Programlar,uygun,Campaign Negative Broad
TL - Yetiskin Programlar,hesaplı,Campaign Negative Broad
TL - Yetiskin Programlar,promosyon,Campaign Negative Broad
TL - Yetiskin Programlar,anaokulu,Campaign Negative Broad
TL - Yetiskin Programlar,okul,Campaign Negative Broad
TL - Yetiskin Programlar,öncesi,Campaign Negative Broad
TL - Yetiskin Programlar,3,Campaign Negative Broad
TL - Yetiskin Programlar,yaş,Campaign Negative Broad
TL - Yetiskin Programlar,4,Campaign Negative Broad
TL - Yetiskin Programlar,yaş,Campaign Negative Broad
TL - Yetiskin Programlar,5,Campaign Negative Broad
TL - Yetiskin Programlar,yaş,Campaign Negative Broad
TL - Yetiskin Programlar,6,Campaign Negative Broad
TL - Yetiskin Programlar,yaş,Campaign Negative Broad
TL - Yetiskin Programlar,bebek,Campaign Negative Broad
TL - Yetiskin Programlar,kreş,Campaign Negative Broad
TL - Youth Veli,ücretsiz,Campaign Negative Broad
TL - Youth Veli,bedava,Campaign Negative Broad
TL - Youth Veli,iş,Campaign Negative Broad
TL - Youth Veli,ilanı,Campaign Negative Broad
TL - Youth Veli,eleman,Campaign Negative Broad
TL - Youth Veli,aranıyor,Campaign Negative Broad
TL - Youth Veli,staj,Campaign Negative Broad
TL - Youth Veli,indir,Campaign Negative Broad
TL - Youth Veli,pdf,Campaign Negative Broad
TL - Youth Veli,izle,Campaign Negative Broad
TL - Youth Veli,film,Campaign Negative Broad
TL - Youth Veli,izle,Campaign Negative Broad
TL - Youth Veli,dizi,Campaign Negative Broad
TL - Youth Veli,izle,Campaign Negative Broad
TL - Youth Veli,oyun,Campaign Negative Broad
TL - Youth Veli,oyna,Campaign Negative Broad
TL - Youth Veli,oyuncu,Campaign Negative Broad
TL - Youth Veli,kadrosu,Campaign Negative Broad
TL - Youth Veli,kimdir,Campaign Negative Broad
TL - Youth Veli,biyografi,Campaign Negative Broad
TL - Youth Veli,maaş,Campaign Negative Broad
TL - Youth Veli,ne,Campaign Negative Broad
TL - Youth Veli,kadar,Campaign Negative Broad
TL - Youth Veli,maaş,Campaign Negative Broad
TL - Youth Veli,üniversite,Campaign Negative Broad
TL - Youth Veli,bölüm,Campaign Negative Broad
TL - Youth Veli,taban,Campaign Negative Broad
TL - Youth Veli,puani,Campaign Negative Broad
TL - Youth Veli,konservatuvar,Campaign Negative Broad
TL - Youth Veli,sınavı,Campaign Negative Broad
TL - Youth Veli,yks,Campaign Negative Broad
TL - Youth Veli,torrent,Campaign Negative Broad
TL - Youth Veli,full,Campaign Negative Broad
TL - Youth Veli,izle,Campaign Negative Broad
TL - Youth Veli,bilet,Campaign Negative Broad
TL - Youth Veli,ucuz,Campaign Negative Broad
TL - Youth Veli,en,Campaign Negative Broad
TL - Youth Veli,ucuz,Campaign Negative Broad
TL - Youth Veli,indirimli,Campaign Negative Broad
TL - Youth Veli,kampanyalı,Campaign Negative Broad
TL - Youth Veli,burslu,Campaign Negative Broad
TL - Youth Veli,bursla,Campaign Negative Broad
TL - Youth Veli,taksitli,Campaign Negative Broad
TL - Youth Veli,ücretsiz,Campaign Negative Broad
TL - Youth Veli,deneme,Campaign Negative Broad
TL - Youth Veli,fiyat,Campaign Negative Broad
TL - Youth Veli,listesi,Campaign Negative Broad
TL - Youth Veli,en,Campaign Negative Broad
TL - Youth Veli,uygun,Campaign Negative Broad
TL - Youth Veli,hesaplı,Campaign Negative Broad
TL - Youth Veli,promosyon,Campaign Negative Broad
TL - Youth Veli,anaokulu,Campaign Negative Broad
TL - Youth Veli,okul,Campaign Negative Broad
TL - Youth Veli,öncesi,Campaign Negative Broad
TL - Youth Veli,3,Campaign Negative Broad
TL - Youth Veli,yaş,Campaign Negative Broad
TL - Youth Veli,4,Campaign Negative Broad
TL - Youth Veli,yaş,Campaign Negative Broad
TL - Youth Veli,5,Campaign Negative Broad
TL - Youth Veli,yaş,Campaign Negative Broad
TL - Youth Veli,6,Campaign Negative Broad
TL - Youth Veli,yaş,Campaign Negative Broad
TL - Youth Veli,bebek,Campaign Negative Broad
TL - Youth Veli,kreş,Campaign Negative Broad
