Campaign,Campaign Daily Budget,Campaign Status,Ad Group,Max CPC,Ad Group Status,Keyword,Criterion Type,Status,Final URL
TL - Yetiskin Programlar,120,Enabled,,,,,,,
TL - Youth Veli,60,Enabled,,,,,,,
TL - The Auteur Lab,,Paused,,,,,,,
TL - Techne Musical Lab,,Paused,,,,,,,
TL - English Drama Lab,,Paused,,,,,,,
TL - Broadway Musical Dance,,Paused,,,,,,,
TL - Yetiskin Programlar,,,1A English Drama Lab,,Enabled,ingilizce drama istanbul,Phrase,Paused,
TL - Yetiskin Programlar,,,1A English Drama Lab,,Enabled,ingilizce drama kursu,Phrase,Paused,
TL - Yetiskin Programlar,,,1A English Drama Lab,,Enabled,yetişkinler için ingilizce drama,Phrase,Paused,
TL - Yetiskin Programlar,,,1A English Drama Lab,,Enabled,ingilizce konuşma kulübü istanbul,Phrase,Paused,
TL - Yetiskin Programlar,,,1A English Drama Lab,,Enabled,ingilizce konuşma pratiği istanbul,Phrase,Paused,
TL - Yetiskin Programlar,,,1A English Drama Lab,,Enabled,ingilizce doğaçlama atölyesi,Phrase,Paused,
TL - Yetiskin Programlar,,,1A English Drama Lab,,Enabled,ingilizce tiyatro istanbul,Phrase,Paused,
TL - Yetiskin Programlar,,,1A English Drama Lab,,Enabled,english drama istanbul,Phrase,Paused,
TL - Yetiskin Programlar,,,1A English Drama Lab,,Enabled,english drama classes,Phrase,Paused,
TL - Yetiskin Programlar,,,1A English Drama Lab,,Enabled,english speaking club istanbul,Phrase,Paused,
TL - Yetiskin Programlar,,,1A English Drama Lab,,Enabled,english conversation class istanbul,Phrase,Paused,
TL - Yetiskin Programlar,,,1A English Drama Lab,,Enabled,improv in english istanbul,Phrase,Paused,
TL - Yetiskin Programlar,,,1B Techne Musical Lab,,Enabled,müzikal tiyatro kursu istanbul,Phrase,Paused,
TL - Yetiskin Programlar,,,1B Techne Musical Lab,,Enabled,müzikal kursu istanbul,Phrase,Paused,
TL - Yetiskin Programlar,,,1B Techne Musical Lab,,Enabled,şan kursu istanbul,Phrase,Paused,
TL - Yetiskin Programlar,,,1B Techne Musical Lab,,Enabled,müzikal tiyatro eğitimi,Phrase,Paused,
TL - Yetiskin Programlar,,,1B Techne Musical Lab,,Enabled,sahne sanatları kursu istanbul,Phrase,Paused,
TL - Yetiskin Programlar,,,1B Techne Musical Lab,,Enabled,müzikal atölyesi istanbul,Phrase,Paused,
TL - Yetiskin Programlar,,,1B Techne Musical Lab,,Enabled,kadıköy müzikal kursu,Phrase,Paused,
TL - Yetiskin Programlar,,,1B Techne Musical Lab,,Enabled,müzikal tiyatro kursu istanbul,Exact,Paused,
TL - Yetiskin Programlar,,,1B Techne Musical Lab,,Enabled,oyun çıkarma atölyesi,Phrase,Paused,
TL - Yetiskin Programlar,,,1B Techne Musical Lab,,Enabled,oyun çıkartma atölyesi,Phrase,Paused,
TL - Yetiskin Programlar,,,1B Techne Musical Lab,,Enabled,oyun çıkarma atölyesi istanbul,Phrase,Paused,
TL - Yetiskin Programlar,,,1B Techne Musical Lab,,Enabled,sahne oyunu atölyesi istanbul,Phrase,Paused,
TL - Yetiskin Programlar,,,1C Broadway Musical Dance,,Enabled,broadway dans kursu,Phrase,Paused,
TL - Yetiskin Programlar,,,1C Broadway Musical Dance,,Enabled,müzikal dans kursu istanbul,Phrase,Paused,
TL - Yetiskin Programlar,,,1C Broadway Musical Dance,,Enabled,jazz dans kursu istanbul,Phrase,Paused,
TL - Yetiskin Programlar,,,1C Broadway Musical Dance,,Enabled,theatre dance istanbul,Phrase,Paused,
TL - Yetiskin Programlar,,,1C Broadway Musical Dance,,Enabled,dans kursu kadıköy,Phrase,Paused,
TL - Yetiskin Programlar,,,1C Broadway Musical Dance,,Enabled,kadıköy dans atölyesi,Phrase,Paused,
TL - Yetiskin Programlar,,,1C Broadway Musical Dance,,Enabled,çocuk dans kursu kadıköy,Phrase,Paused,
TL - Yetiskin Programlar,,,1C Broadway Musical Dance,,Enabled,gençler için dans kursu istanbul,Phrase,Paused,
TL - Yetiskin Programlar,,,1C Broadway Musical Dance,,Enabled,çocuk müzikal kursu istanbul,Phrase,Paused,
TL - Yetiskin Programlar,,,1C Broadway Musical Dance,,Enabled,gençler için müzikal kursu,Phrase,Paused,
TL - Yetiskin Programlar,,,1C Broadway Musical Dance,,Enabled,genç dans atölyesi istanbul,Phrase,Paused,
TL - Yetiskin Programlar,,,1D The Auteur Lab,,Enabled,oyun yazarlığı kursu,Phrase,Paused,
TL - Yetiskin Programlar,,,1D The Auteur Lab,,Enabled,yaratıcı yazarlık kursu istanbul,Phrase,Paused,
TL - Yetiskin Programlar,,,1D The Auteur Lab,,Enabled,dramaturji eğitimi,Phrase,Paused,
TL - Yetiskin Programlar,,,1D The Auteur Lab,,Enabled,senaryo yazarlığı kursu istanbul,Phrase,Paused,
TL - Yetiskin Programlar,,,1D The Auteur Lab,,Enabled,yaratıcı yazarlık atölyesi,Phrase,Paused,
TL - Yetiskin Programlar,,,1D The Auteur Lab,,Enabled,oyun yazarlığı atölyesi istanbul,Phrase,Paused,
TL - Yetiskin Programlar,,,1D The Auteur Lab,,Enabled,yazarlık kursu kadıköy,Phrase,Paused,
TL - Yetiskin Programlar,,,1E English Acting Praxis,,Enabled,ingilizce oyunculuk,Phrase,Paused,
TL - Yetiskin Programlar,,,1E English Acting Praxis,,Enabled,ingilizce oyunculuk kursu,Phrase,Paused,
TL - Yetiskin Programlar,,,1E English Acting Praxis,,Enabled,ingilizce oyunculuk atölyesi,Phrase,Paused,
TL - Yetiskin Programlar,,,1E English Acting Praxis,,Enabled,ingilizce oyunculuk eğitimi,Phrase,Paused,
TL - Yetiskin Programlar,,,1E English Acting Praxis,,Enabled,ingilizce sahne oyunculuğu,Phrase,Paused,
TL - Yetiskin Programlar,,,1E English Acting Praxis,,Enabled,english acting workshop,Phrase,Paused,
TL - Yetiskin Programlar,,,1E English Acting Praxis,,Enabled,english acting workshop istanbul,Phrase,Paused,
TL - Yetiskin Programlar,,,1E English Acting Praxis,,Enabled,english acting classes istanbul,Phrase,Paused,
TL - Yetiskin Programlar,,,1E English Acting Praxis,,Enabled,acting in english istanbul,Phrase,Paused,
TL - Yetiskin Programlar,,,1E English Acting Praxis,,Enabled,acting workshop in english,Phrase,Paused,
TL - Yetiskin Programlar,,,1E English Acting Praxis,,Enabled,uluslararası oyunculuk eğitimi,Phrase,Paused,
TL - Yetiskin Programlar,,,1E English Acting Praxis,,Enabled,english acting workshop,Exact,Paused,
TL - Yetiskin Programlar,,,1E English Acting Praxis,,Enabled,ingilizce oyunculuk atölyesi,Exact,Paused,
TL - Yetiskin Programlar,,,1A English Drama Lab,20,Enabled,ingilizce drama istanbul,Exact,Enabled,https://www.technelabistanbul.com/ingilizce-drama-istanbul
TL - Yetiskin Programlar,,,1A English Drama Lab,20,Enabled,ingilizce drama kursu,Exact,Enabled,https://www.technelabistanbul.com/ingilizce-drama-istanbul
TL - Yetiskin Programlar,,,1A English Drama Lab,20,Enabled,ingilizce drama atölyesi,Exact,Enabled,https://www.technelabistanbul.com/ingilizce-drama-istanbul
TL - Yetiskin Programlar,,,1A English Drama Lab,20,Enabled,yetişkinler için ingilizce drama,Exact,Enabled,https://www.technelabistanbul.com/ingilizce-drama-istanbul
TL - Yetiskin Programlar,,,1A English Drama Lab,20,Enabled,ingilizce konuşma kulübü istanbul,Exact,Enabled,https://www.technelabistanbul.com/ingilizce-drama-istanbul
TL - Yetiskin Programlar,,,1A English Drama Lab,20,Enabled,english drama istanbul,Exact,Enabled,https://www.technelabistanbul.com/ingilizce-drama-istanbul
TL - Yetiskin Programlar,,,1A English Drama Lab,20,Enabled,ingilizce tiyatro kursu,Exact,Enabled,https://www.technelabistanbul.com/ingilizce-drama-istanbul
TL - Yetiskin Programlar,,,1A English Drama Lab,20,Enabled,drama ile ingilizce,Exact,Enabled,https://www.technelabistanbul.com/ingilizce-drama-istanbul
TL - Yetiskin Programlar,,,1A English Drama Lab,20,Enabled,ingilizce drama kadıköy,Exact,Enabled,https://www.technelabistanbul.com/ingilizce-drama-istanbul
TL - Yetiskin Programlar,,,1A English Drama Lab,20,Enabled,ingilizce konuşma pratiği istanbul,Exact,Enabled,https://www.technelabistanbul.com/ingilizce-drama-istanbul
TL - Yetiskin Programlar,,,1B Techne Musical Lab,20,Enabled,müzikal tiyatro kursu,Exact,Enabled,https://www.technelabistanbul.com/muzikal-tiyatro-kursu-istanbul
TL - Yetiskin Programlar,,,1B Techne Musical Lab,20,Enabled,müzikal kursu istanbul,Exact,Enabled,https://www.technelabistanbul.com/muzikal-tiyatro-kursu-istanbul
TL - Yetiskin Programlar,,,1B Techne Musical Lab,20,Enabled,müzikal eğitimi istanbul,Exact,Enabled,https://www.technelabistanbul.com/muzikal-tiyatro-kursu-istanbul
TL - Yetiskin Programlar,,,1B Techne Musical Lab,20,Enabled,müzikal tiyatro eğitimi,Exact,Enabled,https://www.technelabistanbul.com/muzikal-tiyatro-kursu-istanbul
TL - Yetiskin Programlar,,,1B Techne Musical Lab,20,Enabled,musical theatre istanbul,Exact,Enabled,https://www.technelabistanbul.com/muzikal-tiyatro-kursu-istanbul
TL - Yetiskin Programlar,,,1B Techne Musical Lab,20,Enabled,müzikal oyunculuk kursu,Exact,Enabled,https://www.technelabistanbul.com/muzikal-tiyatro-kursu-istanbul
TL - Yetiskin Programlar,,,1B Techne Musical Lab,20,Enabled,müzikal tiyatro atölyesi,Exact,Enabled,https://www.technelabistanbul.com/muzikal-tiyatro-kursu-istanbul
TL - Yetiskin Programlar,,,1B Techne Musical Lab,20,Enabled,müzikal kursu kadıköy,Exact,Enabled,https://www.technelabistanbul.com/muzikal-tiyatro-kursu-istanbul
TL - Yetiskin Programlar,,,1C Broadway Musical Dance,20,Enabled,broadway dans kursu,Exact,Enabled,https://www.technelabistanbul.com/dans-kursu-istanbul
TL - Yetiskin Programlar,,,1C Broadway Musical Dance,20,Enabled,jazz dans kursu istanbul,Exact,Enabled,https://www.technelabistanbul.com/dans-kursu-istanbul
TL - Yetiskin Programlar,,,1C Broadway Musical Dance,20,Enabled,müzikal dans kursu,Exact,Enabled,https://www.technelabistanbul.com/dans-kursu-istanbul
TL - Yetiskin Programlar,,,1C Broadway Musical Dance,20,Enabled,theatre dance istanbul,Exact,Enabled,https://www.technelabistanbul.com/dans-kursu-istanbul
TL - Yetiskin Programlar,,,1C Broadway Musical Dance,20,Enabled,broadway jazz istanbul,Exact,Enabled,https://www.technelabistanbul.com/dans-kursu-istanbul
TL - Yetiskin Programlar,,,1C Broadway Musical Dance,20,Enabled,dans kursu kadıköy,Exact,Enabled,https://www.technelabistanbul.com/dans-kursu-istanbul
TL - Yetiskin Programlar,,,1C Broadway Musical Dance,20,Enabled,yetişkin dans kursu istanbul,Exact,Enabled,https://www.technelabistanbul.com/dans-kursu-istanbul
TL - Yetiskin Programlar,,,1C Broadway Musical Dance,20,Enabled,broadway dans istanbul,Exact,Enabled,https://www.technelabistanbul.com/dans-kursu-istanbul
TL - Yetiskin Programlar,,,1D The Auteur Lab,20,Enabled,yaratıcı yazarlık atölyesi,Exact,Enabled,https://www.technelabistanbul.com/oyun-yazarligi-kursu-istanbul
TL - Yetiskin Programlar,,,1D The Auteur Lab,20,Enabled,oyun yazarlığı kursu,Exact,Enabled,https://www.technelabistanbul.com/oyun-yazarligi-kursu-istanbul
TL - Yetiskin Programlar,,,1D The Auteur Lab,20,Enabled,oyun yazarlığı atölyesi,Exact,Enabled,https://www.technelabistanbul.com/oyun-yazarligi-kursu-istanbul
TL - Yetiskin Programlar,,,1D The Auteur Lab,20,Enabled,dramaturji atölyesi,Exact,Enabled,https://www.technelabistanbul.com/oyun-yazarligi-kursu-istanbul
TL - Yetiskin Programlar,,,1D The Auteur Lab,20,Enabled,senaryo yazarlığı atölyesi,Exact,Enabled,https://www.technelabistanbul.com/oyun-yazarligi-kursu-istanbul
TL - Yetiskin Programlar,,,1D The Auteur Lab,20,Enabled,yaratıcı yazarlık kursu istanbul,Exact,Enabled,https://www.technelabistanbul.com/oyun-yazarligi-kursu-istanbul
TL - Yetiskin Programlar,,,1D The Auteur Lab,20,Enabled,yaratıcı yazarlık atölyesi istanbul,Exact,Enabled,https://www.technelabistanbul.com/oyun-yazarligi-kursu-istanbul
TL - Yetiskin Programlar,,,1D The Auteur Lab,20,Enabled,yaratıcı yazarlık kadıköy,Exact,Enabled,https://www.technelabistanbul.com/oyun-yazarligi-kursu-istanbul
TL - Yetiskin Programlar,,,1D The Auteur Lab,20,Enabled,oyun yazarlığı eğitimi,Exact,Enabled,https://www.technelabistanbul.com/oyun-yazarligi-kursu-istanbul
TL - Yetiskin Programlar,,,1E English Acting Praxis,20,Enabled,acting classes istanbul,Exact,Enabled,https://www.technelabistanbul.com/en/acting-classes-istanbul
TL - Yetiskin Programlar,,,1E English Acting Praxis,20,Enabled,english acting class istanbul,Exact,Enabled,https://www.technelabistanbul.com/en/acting-classes-istanbul
TL - Yetiskin Programlar,,,1E English Acting Praxis,20,Enabled,acting workshop istanbul,Exact,Enabled,https://www.technelabistanbul.com/en/acting-classes-istanbul
TL - Yetiskin Programlar,,,1E English Acting Praxis,20,Enabled,ingilizce oyunculuk kursu,Exact,Enabled,https://www.technelabistanbul.com/en/acting-classes-istanbul
TL - Yetiskin Programlar,,,1E English Acting Praxis,20,Enabled,acting course istanbul,Exact,Enabled,https://www.technelabistanbul.com/en/acting-classes-istanbul
TL - Yetiskin Programlar,,,1E English Acting Praxis,20,Enabled,theatre workshop istanbul english,Exact,Enabled,https://www.technelabistanbul.com/en/acting-classes-istanbul
