Liste,Negatif kelime
LİSTE A — Ücretsiz & Kamu (17),ücretsiz
LİSTE A — Ücretsiz & Kamu (17),bedava
LİSTE A — Ücretsiz & Kamu (17),belediye
LİSTE A — Ücretsiz & Kamu (17),belediyesi
LİSTE A — Ücretsiz & Kamu (17),belediye kursu
LİSTE A — Ücretsiz & Kamu (17),ismek
LİSTE A — Ücretsiz & Kamu (17),i̇smek
LİSTE A — Ücretsiz & Kamu (17),halk eğitim
LİSTE A — Ücretsiz & Kamu (17),halk eğitimi
LİSTE A — Ücretsiz & Kamu (17),hem kursu
LİSTE A — Ücretsiz & Kamu (17),ibb
LİSTE A — Ücretsiz & Kamu (17),ibb enstitü
LİSTE A — Ücretsiz & Kamu (17),kültür merkezi kursları
LİSTE A — Ücretsiz & Kamu (17),kaymakamlık kursu
LİSTE A — Ücretsiz & Kamu (17),devlet destekli
LİSTE A — Ücretsiz & Kamu (17),burslu kurs
LİSTE A — Ücretsiz & Kamu (17),ücretsiz kurs
LİSTE B — İş İlanı & Kariyer (18),iş ilanı
LİSTE B — İş İlanı & Kariyer (18),iş ilanları
LİSTE B — İş İlanı & Kariyer (18),eleman aranıyor
LİSTE B — İş İlanı & Kariyer (18),eleman alımı
LİSTE B — İş İlanı & Kariyer (18),iş başvurusu
LİSTE B — İş İlanı & Kariyer (18),maaş
LİSTE B — İş İlanı & Kariyer (18),ne kadar maaş
LİSTE B — İş İlanı & Kariyer (18),hoca arıyorum
LİSTE B — İş İlanı & Kariyer (18),eğitmen arıyorum
LİSTE B — İş İlanı & Kariyer (18),eğitmen alımı
LİSTE B — İş İlanı & Kariyer (18),öğretmen alımı
LİSTE B — İş İlanı & Kariyer (18),kariyer
LİSTE B — İş İlanı & Kariyer (18),staj
LİSTE B — İş İlanı & Kariyer (18),part time iş
LİSTE B — İş İlanı & Kariyer (18),franchise
LİSTE B — İş İlanı & Kariyer (18),bayilik
LİSTE B — İş İlanı & Kariyer (18),stüdyo kiralama
LİSTE B — İş İlanı & Kariyer (18),salon kiralama
"LİSTE C — Akademik, Sınav & Diploma (22)",üniversite
"LİSTE C — Akademik, Sınav & Diploma (22)",bölümü
"LİSTE C — Akademik, Sınav & Diploma (22)",taban puan
"LİSTE C — Akademik, Sınav & Diploma (22)",taban puanı
"LİSTE C — Akademik, Sınav & Diploma (22)",yks
"LİSTE C — Akademik, Sınav & Diploma (22)",tyt
"LİSTE C — Akademik, Sınav & Diploma (22)",ayt
"LİSTE C — Akademik, Sınav & Diploma (22)",özel yetenek sınavı
"LİSTE C — Akademik, Sınav & Diploma (22)",konservatuvar sınavı
"LİSTE C — Akademik, Sınav & Diploma (22)",konservatuvar hazırlık
"LİSTE C — Akademik, Sınav & Diploma (22)",lisans
"LİSTE C — Akademik, Sınav & Diploma (22)",önlisans
"LİSTE C — Akademik, Sınav & Diploma (22)",yüksek lisans
"LİSTE C — Akademik, Sınav & Diploma (22)",meb onaylı
"LİSTE C — Akademik, Sınav & Diploma (22)",sertifika programı
"LİSTE C — Akademik, Sınav & Diploma (22)",diploma
"LİSTE C — Akademik, Sınav & Diploma (22)",usta öğretici
"LİSTE C — Akademik, Sınav & Diploma (22)",eğitmenlik sertifikası
"LİSTE C — Akademik, Sınav & Diploma (22)",mülakat soruları
"LİSTE C — Akademik, Sınav & Diploma (22)",pdf
"LİSTE C — Akademik, Sınav & Diploma (22)",ödev
"LİSTE C — Akademik, Sınav & Diploma (22)",ders notları
"LİSTE D — İzleme, Bilet & Etkinlik (20)",bilet
"LİSTE D — İzleme, Bilet & Etkinlik (20)",biletix
"LİSTE D — İzleme, Bilet & Etkinlik (20)",passo
"LİSTE D — İzleme, Bilet & Etkinlik (20)",oyun izle
"LİSTE D — İzleme, Bilet & Etkinlik (20)",gösteri izle
"LİSTE D — İzleme, Bilet & Etkinlik (20)",tiyatro bileti
"LİSTE D — İzleme, Bilet & Etkinlik (20)",oyun bileti
"LİSTE D — İzleme, Bilet & Etkinlik (20)",seans saatleri
"LİSTE D — İzleme, Bilet & Etkinlik (20)",full izle
"LİSTE D — İzleme, Bilet & Etkinlik (20)",türkçe dublaj
"LİSTE D — İzleme, Bilet & Etkinlik (20)",film izle
"LİSTE D — İzleme, Bilet & Etkinlik (20)",dizi izle
"LİSTE D — İzleme, Bilet & Etkinlik (20)",şarkı sözleri
"LİSTE D — İzleme, Bilet & Etkinlik (20)",şarkıları
"LİSTE D — İzleme, Bilet & Etkinlik (20)",soundtrack
"LİSTE D — İzleme, Bilet & Etkinlik (20)",konser
"LİSTE D — İzleme, Bilet & Etkinlik (20)",konser bileti
"LİSTE D — İzleme, Bilet & Etkinlik (20)",festival programı
"LİSTE D — İzleme, Bilet & Etkinlik (20)",vizyondaki filmler
"LİSTE D — İzleme, Bilet & Etkinlik (20)",online izle
LİSTE E — İndirim & Ucuzluk (10),en ucuz
LİSTE E — İndirim & Ucuzluk (10),ucuz kurs
LİSTE E — İndirim & Ucuzluk (10),indirimli kurs
LİSTE E — İndirim & Ucuzluk (10),kampanyalı
LİSTE E — İndirim & Ucuzluk (10),promosyon kodu
LİSTE E — İndirim & Ucuzluk (10),en uygun fiyatlı
LİSTE E — İndirim & Ucuzluk (10),hesaplı kurs
LİSTE E — İndirim & Ucuzluk (10),taksitli kurs
LİSTE E — İndirim & Ucuzluk (10),fiyat listesi
LİSTE E — İndirim & Ucuzluk (10),kurs fiyatları karşılaştırma
LİSTE F — Yer & Format Dışı (12),ankara
LİSTE F — Yer & Format Dışı (12),izmir
LİSTE F — Yer & Format Dışı (12),bursa
LİSTE F — Yer & Format Dışı (12),antalya
LİSTE F — Yer & Format Dışı (12),adana
LİSTE F — Yer & Format Dışı (12),konya
LİSTE F — Yer & Format Dışı (12),online kurs
LİSTE F — Yer & Format Dışı (12),uzaktan eğitim
LİSTE F — Yer & Format Dışı (12),udemy
LİSTE F — Yer & Format Dışı (12),youtube
LİSTE F — Yer & Format Dışı (12),indir
LİSTE F — Yer & Format Dışı (12),torrent
LİSTE F — Yer & Format Dışı (12),google-ads/03-negatif-kelimeler.csv
LİSTE F — Yer & Format Dışı (12),yaş
LİSTE F — Yer & Format Dışı (12),fiyat
LİSTE F — Yer & Format Dışı (12),oyun
LİSTE F — Yer & Format Dışı (12),ne
LİSTE F — Yer & Format Dışı (12),en
LİSTE F — Yer & Format Dışı (12),okul
LİSTE F — Yer & Format Dışı (12),oyuncu
LİSTE F — Yer & Format Dışı (12),10 17 yaş
LİSTE F — Yer & Format Dışı (12),12 yaş ingilizce drama
LİSTE F — Yer & Format Dışı (12),oyun yazarlığı atölyesi
