Reklam grubu,Program,Kelime,Eşleme tipi,Ads formatı
MÜZİKAL,Techne Musical Lab,müzikal tiyatro kursu,Tam eşleme,[müzikal tiyatro kursu]
MÜZİKAL,Techne Musical Lab,müzikal tiyatro kursu istanbul,Tam eşleme,[müzikal tiyatro kursu istanbul]
MÜZİKAL,Techne Musical Lab,müzikal tiyatro atölyesi,Tam eşleme,[müzikal tiyatro atölyesi]
MÜZİKAL,Techne Musical Lab,müzikal atölyesi istanbul,Tam eşleme,[müzikal atölyesi istanbul]
MÜZİKAL,Techne Musical Lab,müzikal tiyatro eğitimi,Tam eşleme,[müzikal tiyatro eğitimi]
MÜZİKAL,Techne Musical Lab,müzikal kursu istanbul,Tam eşleme,[müzikal kursu istanbul]
MÜZİKAL,Techne Musical Lab,müzikal oyunculuk atölyesi,Tam eşleme,[müzikal oyunculuk atölyesi]
MÜZİKAL,Techne Musical Lab,müzikal tiyatro atölyesi istanbul,Söz öbeği,"""müzikal tiyatro atölyesi istanbul"""
MÜZİKAL,Techne Musical Lab,müzikal tiyatro eğitimi istanbul,Söz öbeği,"""müzikal tiyatro eğitimi istanbul"""
MÜZİKAL,Techne Musical Lab,müzikal tiyatro kursu kadıköy,Söz öbeği,"""müzikal tiyatro kursu kadıköy"""
MÜZİKAL,Techne Musical Lab,kadıköy müzikal atölyesi,Söz öbeği,"""kadıköy müzikal atölyesi"""
MÜZİKAL,Techne Musical Lab,müzikal sahneleme atölyesi,Söz öbeği,"""müzikal sahneleme atölyesi"""
MÜZİKAL,Techne Musical Lab,musical theatre workshop istanbul,Söz öbeği,"""musical theatre workshop istanbul"""
MÜZİKAL,Techne Musical Lab,musical theatre course istanbul,Söz öbeği,"""musical theatre course istanbul"""
MÜZİKAL,Techne Musical Lab,techne musical lab,Söz öbeği,"""techne musical lab"""
BROADWAY / DANS,Broadway Musical Dance,broadway müzikal dansı,Tam eşleme,[broadway müzikal dansı]
BROADWAY / DANS,Broadway Musical Dance,broadway dans kursu,Tam eşleme,[broadway dans kursu]
BROADWAY / DANS,Broadway Musical Dance,müzikal dans kursu,Tam eşleme,[müzikal dans kursu]
BROADWAY / DANS,Broadway Musical Dance,broadway dans istanbul,Tam eşleme,[broadway dans istanbul]
BROADWAY / DANS,Broadway Musical Dance,müzikal dansı,Tam eşleme,[müzikal dansı]
BROADWAY / DANS,Broadway Musical Dance,jazz dans kursu istanbul,Tam eşleme,[jazz dans kursu istanbul]
BROADWAY / DANS,Broadway Musical Dance,theatre dance istanbul,Tam eşleme,[theatre dance istanbul]
BROADWAY / DANS,Broadway Musical Dance,broadway müzikal dans kursu,Söz öbeği,"""broadway müzikal dans kursu"""
BROADWAY / DANS,Broadway Musical Dance,müzikal dans kursu istanbul,Söz öbeği,"""müzikal dans kursu istanbul"""
BROADWAY / DANS,Broadway Musical Dance,broadway dans atölyesi,Söz öbeği,"""broadway dans atölyesi"""
BROADWAY / DANS,Broadway Musical Dance,müzikal dans atölyesi,Söz öbeği,"""müzikal dans atölyesi"""
BROADWAY / DANS,Broadway Musical Dance,broadway koreografi atölyesi,Söz öbeği,"""broadway koreografi atölyesi"""
BROADWAY / DANS,Broadway Musical Dance,kadıköy jazz dans kursu,Söz öbeği,"""kadıköy jazz dans kursu"""
BROADWAY / DANS,Broadway Musical Dance,taksim jazz dans kursu,Söz öbeği,"""taksim jazz dans kursu"""
BROADWAY / DANS,Broadway Musical Dance,broadway musical dance istanbul,Söz öbeği,"""broadway musical dance istanbul"""
ENGLISH DRAMA — YETİŞKİN,English Drama Lab + Acting Praxis,ingilizce drama kursu,Tam eşleme,[ingilizce drama kursu]
ENGLISH DRAMA — YETİŞKİN,English Drama Lab + Acting Praxis,ingilizce drama istanbul,Tam eşleme,[ingilizce drama istanbul]
ENGLISH DRAMA — YETİŞKİN,English Drama Lab + Acting Praxis,ingilizce drama atölyesi,Tam eşleme,[ingilizce drama atölyesi]
ENGLISH DRAMA — YETİŞKİN,English Drama Lab + Acting Praxis,yetişkinler için ingilizce drama,Tam eşleme,[yetişkinler için ingilizce drama]
ENGLISH DRAMA — YETİŞKİN,English Drama Lab + Acting Praxis,english drama istanbul,Tam eşleme,[english drama istanbul]
ENGLISH DRAMA — YETİŞKİN,English Drama Lab + Acting Praxis,ingilizce tiyatro atölyesi,Tam eşleme,[ingilizce tiyatro atölyesi]
ENGLISH DRAMA — YETİŞKİN,English Drama Lab + Acting Praxis,ingilizce oyunculuk atölyesi,Tam eşleme,[ingilizce oyunculuk atölyesi]
ENGLISH DRAMA — YETİŞKİN,English Drama Lab + Acting Praxis,ingilizce drama atölyesi istanbul,Söz öbeği,"""ingilizce drama atölyesi istanbul"""
ENGLISH DRAMA — YETİŞKİN,English Drama Lab + Acting Praxis,yetişkin ingilizce drama kursu,Söz öbeği,"""yetişkin ingilizce drama kursu"""
ENGLISH DRAMA — YETİŞKİN,English Drama Lab + Acting Praxis,18 yaş üstü ingilizce drama,Söz öbeği,"""18 yaş üstü ingilizce drama"""
ENGLISH DRAMA — YETİŞKİN,English Drama Lab + Acting Praxis,ingilizce tiyatro kursu istanbul,Söz öbeği,"""ingilizce tiyatro kursu istanbul"""
ENGLISH DRAMA — YETİŞKİN,English Drama Lab + Acting Praxis,english drama course istanbul,Söz öbeği,"""english drama course istanbul"""
ENGLISH DRAMA — YETİŞKİN,English Drama Lab + Acting Praxis,english drama classes istanbul,Söz öbeği,"""english drama classes istanbul"""
ENGLISH DRAMA — YETİŞKİN,English Drama Lab + Acting Praxis,drama workshop in english istanbul,Söz öbeği,"""drama workshop in english istanbul"""
ENGLISH DRAMA — YETİŞKİN,English Drama Lab + Acting Praxis,ingilizce doğaçlama atölyesi,Söz öbeği,"""ingilizce doğaçlama atölyesi"""
ENGLISH DRAMA YOUTH,English Drama Youth (10–17),çocuklar için ingilizce drama,Tam eşleme,[çocuklar için ingilizce drama]
ENGLISH DRAMA YOUTH,English Drama Youth (10–17),ingilizce drama çocuk,Tam eşleme,[ingilizce drama çocuk]
ENGLISH DRAMA YOUTH,English Drama Youth (10–17),çocuk ingilizce drama kursu,Tam eşleme,[çocuk ingilizce drama kursu]
ENGLISH DRAMA YOUTH,English Drama Youth (10–17),english drama for kids istanbul,Tam eşleme,[english drama for kids istanbul]
ENGLISH DRAMA YOUTH,English Drama Youth (10–17),drama classes for children istanbul,Tam eşleme,[drama classes for children istanbul]
ENGLISH DRAMA YOUTH,English Drama Youth (10–17),ingilizce drama atölyesi çocuk,Söz öbeği,"""ingilizce drama atölyesi çocuk"""
ENGLISH DRAMA YOUTH,English Drama Youth (10–17),10 17 yaş ingilizce drama,Söz öbeği,"""10 17 yaş ingilizce drama"""
ENGLISH DRAMA YOUTH,English Drama Youth (10–17),12 yaş ingilizce drama,Söz öbeği,"""12 yaş ingilizce drama"""
ENGLISH DRAMA YOUTH,English Drama Youth (10–17),14 yaş ingilizce drama,Söz öbeği,"""14 yaş ingilizce drama"""
ENGLISH DRAMA YOUTH,English Drama Youth (10–17),lise çağı ingilizce drama,Söz öbeği,"""lise çağı ingilizce drama"""
ENGLISH DRAMA YOUTH,English Drama Youth (10–17),ortaokul ingilizce drama atölyesi,Söz öbeği,"""ortaokul ingilizce drama atölyesi"""
ENGLISH DRAMA YOUTH,English Drama Youth (10–17),kadıköy çocuk ingilizce drama,Söz öbeği,"""kadıköy çocuk ingilizce drama"""
ENGLISH DRAMA YOUTH,English Drama Youth (10–17),teen drama club istanbul,Söz öbeği,"""teen drama club istanbul"""
ENGLISH DRAMA YOUTH,English Drama Youth (10–17),youth theatre istanbul,Söz öbeği,"""youth theatre istanbul"""
ENGLISH DRAMA YOUTH,English Drama Youth (10–17),english drama club for teens istanbul,Söz öbeği,"""english drama club for teens istanbul"""
YARATICI YAZARLIK,The Auteur Lab,yaratıcı yazarlık atölyesi,Tam eşleme,[yaratıcı yazarlık atölyesi]
YARATICI YAZARLIK,The Auteur Lab,yaratıcı yazarlık atölyesi istanbul,Tam eşleme,[yaratıcı yazarlık atölyesi istanbul]
YARATICI YAZARLIK,The Auteur Lab,yaratıcı yazarlık kursu istanbul,Tam eşleme,[yaratıcı yazarlık kursu istanbul]
YARATICI YAZARLIK,The Auteur Lab,oyun yazarlığı atölyesi,Tam eşleme,[oyun yazarlığı atölyesi]
YARATICI YAZARLIK,The Auteur Lab,oyun yazarlığı kursu istanbul,Tam eşleme,[oyun yazarlığı kursu istanbul]
YARATICI YAZARLIK,The Auteur Lab,dramaturji atölyesi,Tam eşleme,[dramaturji atölyesi]
YARATICI YAZARLIK,The Auteur Lab,senaryo yazarlığı atölyesi,Tam eşleme,[senaryo yazarlığı atölyesi]
YARATICI YAZARLIK,The Auteur Lab,istanbul yaratıcı yazarlık atölyesi,Söz öbeği,"""istanbul yaratıcı yazarlık atölyesi"""
YARATICI YAZARLIK,The Auteur Lab,oyun yazma atölyesi istanbul,Söz öbeği,"""oyun yazma atölyesi istanbul"""
YARATICI YAZARLIK,The Auteur Lab,tiyatro yazarlığı atölyesi,Söz öbeği,"""tiyatro yazarlığı atölyesi"""
YARATICI YAZARLIK,The Auteur Lab,kadıköy yaratıcı yazarlık atölyesi,Söz öbeği,"""kadıköy yaratıcı yazarlık atölyesi"""
YARATICI YAZARLIK,The Auteur Lab,roman yazma atölyesi istanbul,Söz öbeği,"""roman yazma atölyesi istanbul"""
YARATICI YAZARLIK,The Auteur Lab,playwriting workshop istanbul,Söz öbeği,"""playwriting workshop istanbul"""
YARATICI YAZARLIK,The Auteur Lab,creative writing workshop istanbul,Söz öbeği,"""creative writing workshop istanbul"""
YARATICI YAZARLIK,The Auteur Lab,halil yağız şanal,Söz öbeği,"""halil yağız şanal"""
