Reklam grubu,Negatif kelime
MÜZİKAL,şan dersi
MÜZİKAL,şan kursu
MÜZİKAL,şan eğitimi
MÜZİKAL,özel şan
MÜZİKAL,birebir şan
MÜZİKAL,vokal kursu
MÜZİKAL,vokal dersi
MÜZİKAL,solfej
MÜZİKAL,piyano kursu
MÜZİKAL,gitar kursu
MÜZİKAL,koro
MÜZİKAL,karaoke
MÜZİKAL,şarkıcı olmak
MÜZİKAL,ses eğitimi kursu
MÜZİKAL,müzikal izle
MÜZİKAL,en iyi müzikaller
MÜZİKAL,müzikal önerileri
MÜZİKAL,broadway new york
MÜZİKAL,hamilton
MÜZİKAL,wicked
MÜZİKAL,les miserables
MÜZİKAL,phantom of the opera
MÜZİKAL,chicago müzikal
MÜZİKAL,müzikal filmler
MÜZİKAL,müzikal tiyatro bölümü
MÜZİKAL,konservatuvar müzikal
MÜZİKAL,müzikal seçmeleri
MÜZİKAL,kadro alımı
MÜZİKAL,figüran
MÜZİKAL,çocuklar için müzikal
MÜZİKAL,anaokulu müzik
MÜZİKAL,okul öncesi müzik
MÜZİKAL,[müzikal kursu fiyatları]
MÜZİKAL,[müzikal tiyatro kursu ücretleri]
MÜZİKAL,[en ucuz müzikal kursu]
BROADWAY / DANS,tango
BROADWAY / DANS,salsa
BROADWAY / DANS,bachata
BROADWAY / DANS,kizomba
BROADWAY / DANS,zumba
BROADWAY / DANS,flamenko
BROADWAY / DANS,sirtaki
BROADWAY / DANS,halk oyunları
BROADWAY / DANS,halk dansları
BROADWAY / DANS,folklor
BROADWAY / DANS,zeybek
BROADWAY / DANS,horon
BROADWAY / DANS,çiftetelli
BROADWAY / DANS,oryantal
BROADWAY / DANS,göbek dansı
BROADWAY / DANS,belly dance
BROADWAY / DANS,hip hop dans
BROADWAY / DANS,hiphop
BROADWAY / DANS,breakdans
BROADWAY / DANS,pole dans
BROADWAY / DANS,twerk
BROADWAY / DANS,k-pop dans
BROADWAY / DANS,swing dans
BROADWAY / DANS,vals
BROADWAY / DANS,cha cha
BROADWAY / DANS,latin dansları
BROADWAY / DANS,sosyal dans
BROADWAY / DANS,ballroom
BROADWAY / DANS,bale kursu
BROADWAY / DANS,bale dersi
BROADWAY / DANS,düğün dansı
BROADWAY / DANS,ilk dans
BROADWAY / DANS,nikah dansı
BROADWAY / DANS,gelin dansı
BROADWAY / DANS,çiftlere özel dans
BROADWAY / DANS,kına dansı
BROADWAY / DANS,kilo verme dansı
BROADWAY / DANS,yağ yakan dans
BROADWAY / DANS,dans fitness
BROADWAY / DANS,pilates
BROADWAY / DANS,yoga
BROADWAY / DANS,caz müzik
BROADWAY / DANS,caz konseri
BROADWAY / DANS,jazz festival
BROADWAY / DANS,jazz piyano
BROADWAY / DANS,ve dans
BROADWAY / DANS,[dans kursu fiyatları]
BROADWAY / DANS,[kadıköy dans kursu fiyatları]
BROADWAY / DANS,yaş
BROADWAY / DANS,çocuk dans kursu
BROADWAY / DANS,anaokulu dans
BROADWAY / DANS,okul öncesi dans
BROADWAY / DANS,minikler dans
ENGLISH DRAMA — YETİŞKİN,sıfırdan ingilizce
ENGLISH DRAMA — YETİŞKİN,a1 ingilizce
ENGLISH DRAMA — YETİŞKİN,a2 seviye
ENGLISH DRAMA — YETİŞKİN,başlangıç ingilizce
ENGLISH DRAMA — YETİŞKİN,temel ingilizce
ENGLISH DRAMA — YETİŞKİN,ingilizce gramer
ENGLISH DRAMA — YETİŞKİN,ingilizce kelime ezberleme
ENGLISH DRAMA — YETİŞKİN,duolingo
ENGLISH DRAMA — YETİŞKİN,cambly
ENGLISH DRAMA — YETİŞKİN,wall street english
ENGLISH DRAMA — YETİŞKİN,british council
ENGLISH DRAMA — YETİŞKİN,dil okulu
ENGLISH DRAMA — YETİŞKİN,yurtdışı dil eğitimi
ENGLISH DRAMA — YETİŞKİN,ielts
ENGLISH DRAMA — YETİŞKİN,toefl
ENGLISH DRAMA — YETİŞKİN,yds
ENGLISH DRAMA — YETİŞKİN,yökdil
ENGLISH DRAMA — YETİŞKİN,sınav hazırlık
ENGLISH DRAMA — YETİŞKİN,ingilizce sınavı
ENGLISH DRAMA — YETİŞKİN,proficiency
ENGLISH DRAMA — YETİŞKİN,çocuklar için
ENGLISH DRAMA — YETİŞKİN,çocuğum için
ENGLISH DRAMA — YETİŞKİN,anaokulu
ENGLISH DRAMA — YETİŞKİN,ilkokul
ENGLISH DRAMA — YETİŞKİN,ortaokul
ENGLISH DRAMA — YETİŞKİN,çocuk ingilizce
ENGLISH DRAMA — YETİŞKİN,kreş
ENGLISH DRAMA — YETİŞKİN,psikodrama
ENGLISH DRAMA — YETİŞKİN,drama terapi
ENGLISH DRAMA — YETİŞKİN,drama liderliği
ENGLISH DRAMA — YETİŞKİN,drama eğitmenliği
ENGLISH DRAMA — YETİŞKİN,kore dizisi
ENGLISH DRAMA — YETİŞKİN,drama dizi
ENGLISH DRAMA — YETİŞKİN,korean drama
ENGLISH DRAMA — YETİŞKİN,figüran
ENGLISH DRAMA — YETİŞKİN,casting çağrısı
ENGLISH DRAMA — YETİŞKİN,oyuncu alımı
ENGLISH DRAMA — YETİŞKİN,dizi seçmeleri
ENGLISH DRAMA — YETİŞKİN,[ingilizce kursu fiyatları]
ENGLISH DRAMA YOUTH,yaş
ENGLISH DRAMA YOUTH,anaokulu
ENGLISH DRAMA YOUTH,okul öncesi
ENGLISH DRAMA YOUTH,kreş
ENGLISH DRAMA YOUTH,3 yaş
ENGLISH DRAMA YOUTH,4 yaş
ENGLISH DRAMA YOUTH,5 yaş
ENGLISH DRAMA YOUTH,6 yaş
ENGLISH DRAMA YOUTH,7 yaş
ENGLISH DRAMA YOUTH,bebek
ENGLISH DRAMA YOUTH,minikler için
ENGLISH DRAMA YOUTH,18 yaş üstü
ENGLISH DRAMA YOUTH,yetişkinler için
ENGLISH DRAMA YOUTH,lgs
ENGLISH DRAMA YOUTH,lise hazırlık
ENGLISH DRAMA YOUTH,özel okul kayıt
ENGLISH DRAMA YOUTH,okul projesi
ENGLISH DRAMA YOUTH,okul gösterisi
ENGLISH DRAMA YOUTH,ders programı
ENGLISH DRAMA YOUTH,etüt merkezi
ENGLISH DRAMA YOUTH,dershane
ENGLISH DRAMA YOUTH,yüzme kursu
ENGLISH DRAMA YOUTH,satranç kursu
ENGLISH DRAMA YOUTH,kodlama kursu
ENGLISH DRAMA YOUTH,robotik kodlama
ENGLISH DRAMA YOUTH,bale kursu
ENGLISH DRAMA YOUTH,resim kursu
ENGLISH DRAMA YOUTH,gitar kursu
ENGLISH DRAMA YOUTH,jimnastik kursu
ENGLISH DRAMA YOUTH,basketbol okulu
ENGLISH DRAMA YOUTH,yaz kampı
ENGLISH DRAMA YOUTH,kış kampı
ENGLISH DRAMA YOUTH,çocuk oyunu
ENGLISH DRAMA YOUTH,çocuk tiyatrosu bileti
ENGLISH DRAMA YOUTH,çocuk oyunu izle
ENGLISH DRAMA YOUTH,masal dinle
ENGLISH DRAMA YOUTH,çizgi film
ENGLISH DRAMA YOUTH,çocuk oyuncu ajansı
ENGLISH DRAMA YOUTH,çocuk casting
YARATICI YAZARLIK,senaryo yazılımı
YARATICI YAZARLIK,senaryo programı
YARATICI YAZARLIK,final draft
YARATICI YAZARLIK,celtx
YARATICI YAZARLIK,scrivener
YARATICI YAZARLIK,yazı şablonu
YARATICI YAZARLIK,senaryo formatı
YARATICI YAZARLIK,senaryo örneği
YARATICI YAZARLIK,oyun metni pdf
YARATICI YAZARLIK,roman yazma programı
YARATICI YAZARLIK,kitap yayınlama
YARATICI YAZARLIK,yayınevi
YARATICI YAZARLIK,kitap bastırma
YARATICI YAZARLIK,telif hakkı
YARATICI YAZARLIK,editör arıyorum
YARATICI YAZARLIK,yazar iş ilanı
YARATICI YAZARLIK,içerik yazarı
YARATICI YAZARLIK,metin yazarlığı işi
YARATICI YAZARLIK,seo içerik yazarı
YARATICI YAZARLIK,blog yazarlığı
YARATICI YAZARLIK,freelance yazar
YARATICI YAZARLIK,ismek yaratıcı yazarlık
YARATICI YAZARLIK,ismek yazarlık
YARATICI YAZARLIK,ali ural
YARATICI YAZARLIK,ayfer tunç
YARATICI YAZARLIK,yazarlık atölyesi mülakat
YARATICI YAZARLIK,yaratıcı yazarlık bölümü
YARATICI YAZARLIK,dramaturji bölümü
YARATICI YAZARLIK,dramaturji nedir
YARATICI YAZARLIK,yaratıcı yazarlık nedir
YARATICI YAZARLIK,yazarlık teknikleri pdf
YARATICI YAZARLIK,kitap özeti
YARATICI YAZARLIK,çocuklar için yazarlık
YARATICI YAZARLIK,online yazarlık atölyesi
YARATICI YAZARLIK,ücretsiz yazarlık atölyesi
