Campaign,Ad Group,Ad Group Status,Max CPC,Keyword,Criterion Type,Final URL
TL - Yetiskin Programlar,1B Techne Musical Lab,Enabled,30,,,
TL - Yetiskin Programlar,1C Broadway Musical Dance,Enabled,30,,,
TL - Yetiskin Programlar,1D The Auteur Lab,Enabled,20,,,
TL - Yetiskin Programlar,1E English Acting Praxis,Enabled,30,,,
TL - Yetiskin Programlar,1B Techne Musical Lab,Enabled,,müzikal tiyatro kursu istanbul,Phrase,https://www.technelabistanbul.com/atolyeler/techne-musical-lab
TL - Yetiskin Programlar,1B Techne Musical Lab,Enabled,,müzikal kursu istanbul,Phrase,https://www.technelabistanbul.com/atolyeler/techne-musical-lab
TL - Yetiskin Programlar,1B Techne Musical Lab,Enabled,,şan kursu istanbul,Phrase,https://www.technelabistanbul.com/atolyeler/techne-musical-lab
TL - Yetiskin Programlar,1B Techne Musical Lab,Enabled,,müzikal tiyatro eğitimi,Phrase,https://www.technelabistanbul.com/atolyeler/techne-musical-lab
TL - Yetiskin Programlar,1B Techne Musical Lab,Enabled,,sahne sanatları kursu istanbul,Phrase,https://www.technelabistanbul.com/atolyeler/techne-musical-lab
TL - Yetiskin Programlar,1B Techne Musical Lab,Enabled,,müzikal atölyesi istanbul,Phrase,https://www.technelabistanbul.com/atolyeler/techne-musical-lab
TL - Yetiskin Programlar,1B Techne Musical Lab,Enabled,,kadıköy müzikal kursu,Phrase,https://www.technelabistanbul.com/atolyeler/techne-musical-lab
TL - Yetiskin Programlar,1B Techne Musical Lab,Enabled,,müzikal tiyatro kursu istanbul,Exact,https://www.technelabistanbul.com/atolyeler/techne-musical-lab
TL - Yetiskin Programlar,1B Techne Musical Lab,Enabled,,oyun çıkarma atölyesi,Phrase,https://www.technelabistanbul.com/atolyeler/techne-musical-lab
TL - Yetiskin Programlar,1B Techne Musical Lab,Enabled,,oyun çıkartma atölyesi,Phrase,https://www.technelabistanbul.com/atolyeler/techne-musical-lab
TL - Yetiskin Programlar,1B Techne Musical Lab,Enabled,,oyun çıkarma atölyesi istanbul,Phrase,https://www.technelabistanbul.com/atolyeler/techne-musical-lab
TL - Yetiskin Programlar,1B Techne Musical Lab,Enabled,,sahne oyunu atölyesi istanbul,Phrase,https://www.technelabistanbul.com/atolyeler/techne-musical-lab
TL - Yetiskin Programlar,1C Broadway Musical Dance,Enabled,,broadway dans kursu,Phrase,https://www.technelabistanbul.com/atolyeler/broadway-musical-dance
TL - Yetiskin Programlar,1C Broadway Musical Dance,Enabled,,müzikal dans kursu istanbul,Phrase,https://www.technelabistanbul.com/atolyeler/broadway-musical-dance
TL - Yetiskin Programlar,1C Broadway Musical Dance,Enabled,,jazz dans kursu istanbul,Phrase,https://www.technelabistanbul.com/atolyeler/broadway-musical-dance
TL - Yetiskin Programlar,1C Broadway Musical Dance,Enabled,,theatre dance istanbul,Phrase,https://www.technelabistanbul.com/atolyeler/broadway-musical-dance
TL - Yetiskin Programlar,1C Broadway Musical Dance,Enabled,,dans kursu kadıköy,Phrase,https://www.technelabistanbul.com/atolyeler/broadway-musical-dance
TL - Yetiskin Programlar,1C Broadway Musical Dance,Enabled,,kadıköy dans atölyesi,Phrase,https://www.technelabistanbul.com/atolyeler/broadway-musical-dance
TL - Yetiskin Programlar,1C Broadway Musical Dance,Enabled,,çocuk dans kursu kadıköy,Phrase,https://www.technelabistanbul.com/atolyeler/broadway-musical-dance
TL - Yetiskin Programlar,1C Broadway Musical Dance,Enabled,,gençler için dans kursu istanbul,Phrase,https://www.technelabistanbul.com/atolyeler/broadway-musical-dance
TL - Yetiskin Programlar,1C Broadway Musical Dance,Enabled,,çocuk müzikal kursu istanbul,Phrase,https://www.technelabistanbul.com/atolyeler/broadway-musical-dance
TL - Yetiskin Programlar,1C Broadway Musical Dance,Enabled,,gençler için müzikal kursu,Phrase,https://www.technelabistanbul.com/atolyeler/broadway-musical-dance
TL - Yetiskin Programlar,1C Broadway Musical Dance,Enabled,,genç dans atölyesi istanbul,Phrase,https://www.technelabistanbul.com/atolyeler/broadway-musical-dance
TL - Yetiskin Programlar,1C Broadway Musical Dance,Enabled,,broadway dans kursu,Exact,https://www.technelabistanbul.com/atolyeler/broadway-musical-dance
TL - Yetiskin Programlar,1D The Auteur Lab,Enabled,,oyun yazarlığı kursu,Phrase,https://www.technelabistanbul.com/atolyeler/auteur-lab
TL - Yetiskin Programlar,1D The Auteur Lab,Enabled,,yaratıcı yazarlık kursu istanbul,Phrase,https://www.technelabistanbul.com/atolyeler/auteur-lab
TL - Yetiskin Programlar,1D The Auteur Lab,Enabled,,dramaturji eğitimi,Phrase,https://www.technelabistanbul.com/atolyeler/auteur-lab
TL - Yetiskin Programlar,1D The Auteur Lab,Enabled,,senaryo yazarlığı kursu istanbul,Phrase,https://www.technelabistanbul.com/atolyeler/auteur-lab
TL - Yetiskin Programlar,1D The Auteur Lab,Enabled,,yaratıcı yazarlık atölyesi,Phrase,https://www.technelabistanbul.com/atolyeler/auteur-lab
TL - Yetiskin Programlar,1D The Auteur Lab,Enabled,,oyun yazarlığı atölyesi istanbul,Phrase,https://www.technelabistanbul.com/atolyeler/auteur-lab
TL - Yetiskin Programlar,1D The Auteur Lab,Enabled,,yazarlık kursu kadıköy,Phrase,https://www.technelabistanbul.com/atolyeler/auteur-lab
TL - Yetiskin Programlar,1D The Auteur Lab,Enabled,,oyun yazarlığı kursu,Exact,https://www.technelabistanbul.com/atolyeler/auteur-lab
TL - Yetiskin Programlar,1E English Acting Praxis,Enabled,,ingilizce oyunculuk,Phrase,https://www.technelabistanbul.com/atolyeler/english-drama-final-project
TL - Yetiskin Programlar,1E English Acting Praxis,Enabled,,ingilizce oyunculuk kursu,Phrase,https://www.technelabistanbul.com/atolyeler/english-drama-final-project
TL - Yetiskin Programlar,1E English Acting Praxis,Enabled,,ingilizce oyunculuk atölyesi,Phrase,https://www.technelabistanbul.com/atolyeler/english-drama-final-project
TL - Yetiskin Programlar,1E English Acting Praxis,Enabled,,ingilizce oyunculuk eğitimi,Phrase,https://www.technelabistanbul.com/atolyeler/english-drama-final-project
TL - Yetiskin Programlar,1E English Acting Praxis,Enabled,,ingilizce sahne oyunculuğu,Phrase,https://www.technelabistanbul.com/atolyeler/english-drama-final-project
TL - Yetiskin Programlar,1E English Acting Praxis,Enabled,,english acting workshop,Phrase,https://www.technelabistanbul.com/atolyeler/english-drama-final-project
TL - Yetiskin Programlar,1E English Acting Praxis,Enabled,,english acting workshop istanbul,Phrase,https://www.technelabistanbul.com/atolyeler/english-drama-final-project
TL - Yetiskin Programlar,1E English Acting Praxis,Enabled,,english acting classes istanbul,Phrase,https://www.technelabistanbul.com/atolyeler/english-drama-final-project
TL - Yetiskin Programlar,1E English Acting Praxis,Enabled,,acting in english istanbul,Phrase,https://www.technelabistanbul.com/atolyeler/english-drama-final-project
TL - Yetiskin Programlar,1E English Acting Praxis,Enabled,,acting workshop in english,Phrase,https://www.technelabistanbul.com/atolyeler/english-drama-final-project
TL - Yetiskin Programlar,1E English Acting Praxis,Enabled,,uluslararası oyunculuk eğitimi,Phrase,https://www.technelabistanbul.com/atolyeler/english-drama-final-project
TL - Yetiskin Programlar,1E English Acting Praxis,Enabled,,ingilizce oyunculuk kursu,Exact,https://www.technelabistanbul.com/atolyeler/english-drama-final-project
TL - Yetiskin Programlar,1E English Acting Praxis,Enabled,,english acting workshop,Exact,https://www.technelabistanbul.com/atolyeler/english-drama-final-project
TL - Yetiskin Programlar,1E English Acting Praxis,Enabled,,ingilizce oyunculuk atölyesi,Exact,https://www.technelabistanbul.com/atolyeler/english-drama-final-project
